{"name":"73198f23-43a9-4294-8f6a-c1330fd564f5","id":"/providers/Microsoft.Flow/flows/73198f23-43a9-4294-8f6a-c1330fd564f5","type":"Microsoft.Flow/flows","properties":{"apiId":"/providers/Microsoft.PowerApps/apis/shared_logicflows","displayName":"Portal - Journal Entry Review Reminders","definition":{"metadata":{"workflowEntityId":null,"creator":{"id":"922bfded-ba2e-4a8e-92f4-a9be0263afff","type":"User","tenantId":"bddddbb1-db54-40d5-b230-0609bcef2068"},"provisioningMethod":"FromDefinition","failureAlertSubscription":true,"clientLastModifiedTime":"2019-12-12T23:01:28.7513632Z"},"$schema":"https://schema.management.azure.com/providers/Microsoft.Logic/schemas/2016-06-01/workflowdefinition.json#","contentVersion":"1.0.0.0","parameters":{"$connections":{"defaultValue":{},"type":"Object"},"$authentication":{"defaultValue":{},"type":"SecureObject"}},"triggers":{"Recurrence":{"recurrence":{"frequency":"Day","interval":1,"timeZone":"Pacific Standard Time","startTime":"2019-11-11T18:00:00.000Z","schedule":{"hours":["8","9","10","11","12","13","14","15","16","17"],"minutes":[0]}},"type":"Recurrence","description":"Run during business hours"}},"actions":{"Get_Request_Awaiting_AP_Team_Review":{"runAfter":{"Define_ReviewURL":["Succeeded"]},"metadata":{"flowSystemMetadata":{"swaggerOperationId":"GetItems"}},"type":"ApiConnection","inputs":{"host":{"connection":{"name":"@parameters('$connections')['shared_sharepointonline_1']['connectionId']"},"api":{"runtimeUrl":"https://flow-apim-europe-001-francecentral-01.azure-apim.net/apim/sharepointonline"}},"method":"get","path":"/datasets/@{encodeURIComponent(encodeURIComponent('https://wwpcis.sharepoint.com/sites/BenefitJournalEntryPortal'))}/tables/@{encodeURIComponent(encodeURIComponent('b51ca340-c9da-4ef7-98ed-de5a66b565d9'))}/items","queries":{"$filter":"Status eq 'Awaiting AP Team Review'"},"authentication":"@parameters('$authentication')"},"runtimeConfiguration":{"paginationPolicy":{"minimumItemCount":5000}}},"Get_Request_Awaiting_GL_Team_Approval":{"runAfter":{"Define_ReviewURL":["Succeeded"]},"metadata":{"flowSystemMetadata":{"swaggerOperationId":"GetItems"}},"type":"ApiConnection","inputs":{"host":{"connection":{"name":"@parameters('$connections')['shared_sharepointonline_1']['connectionId']"},"api":{"runtimeUrl":"https://flow-apim-europe-001-francecentral-01.azure-apim.net/apim/sharepointonline"}},"method":"get","path":"/datasets/@{encodeURIComponent(encodeURIComponent('https://wwpcis.sharepoint.com/sites/BenefitJournalEntryPortal'))}/tables/@{encodeURIComponent(encodeURIComponent('b51ca340-c9da-4ef7-98ed-de5a66b565d9'))}/items","queries":{"$filter":"Status eq 'Awaiting GL Team Approval'"},"authentication":"@parameters('$authentication')"},"runtimeConfiguration":{"paginationPolicy":{"minimumItemCount":5000}}},"Compose":{"runAfter":{"Get_Request_Awaiting_AP_Team_Review":["Succeeded"]},"type":"Compose","inputs":"@length(body('Get_Request_Awaiting_AP_Team_Review')?['value'])"},"Compose_2":{"runAfter":{"Get_Request_Awaiting_GL_Team_Approval":["Succeeded"]},"type":"Compose","inputs":"@length(body('Get_Request_Awaiting_GL_Team_Approval')?['value'])"},"Get_Requests_Awaiting_Management_Approval":{"runAfter":{"Define_ReviewURL":["Succeeded"]},"metadata":{"flowSystemMetadata":{"swaggerOperationId":"GetItems"}},"type":"ApiConnection","inputs":{"host":{"connection":{"name":"@parameters('$connections')['shared_sharepointonline_1']['connectionId']"},"api":{"runtimeUrl":"https://flow-apim-europe-001-francecentral-01.azure-apim.net/apim/sharepointonline"}},"method":"get","path":"/datasets/@{encodeURIComponent(encodeURIComponent('https://wwpcis.sharepoint.com/sites/BenefitJournalEntryPortal'))}/tables/@{encodeURIComponent(encodeURIComponent('b51ca340-c9da-4ef7-98ed-de5a66b565d9'))}/items","queries":{"$filter":"Status eq 'Awaiting Management Approval'"},"authentication":"@parameters('$authentication')"}},"Define_ReviewURL":{"runAfter":{"See_if_it_is_a_weekday":["Succeeded"]},"type":"Compose","inputs":"https://apps.powerapps.com/play/3e81826f-2f95-402a-a381-1d262e064e25?tenantId=bddddbb1-db54-40d5-b230-0609bcef2068?Action=ListRequestsLineItems"},"Day_of_Week":{"runAfter":{},"type":"Compose","inputs":"@dayOfWeek(utcNow())","description":"Creates an integer for day of week (Sunday = 0)"},"See_if_it_is_a_weekday":{"actions":{},"runAfter":{"Day_of_Week":["Succeeded"]},"else":{"actions":{"Cancel_request_during_Weekends":{"runAfter":{},"type":"Terminate","inputs":{"runStatus":"Cancelled"}}}},"expression":{"and":[{"greater":["@outputs('Day_of_Week')",0]},{"less":["@outputs('Day_of_Week')",6]}]},"type":"If","description":"Weekdays 1-5 (Monday=1)"},"Set_NumPendingAPRequests":{"runAfter":{"Compose":["Succeeded"]},"type":"InitializeVariable","inputs":{"variables":[{"name":"NumPendingAPRequests","type":"Integer","value":"@int(outputs('Compose'))"}]}},"Set_NumPendingGLRequests":{"runAfter":{"Compose_2":["Succeeded"]},"type":"InitializeVariable","inputs":{"variables":[{"name":"NumPendingGLRequests","type":"Integer","value":"@int(outputs('Compose_2'))"}]}},"If_there_are_any_requests_pending_AP_Review,_send_email":{"actions":{"Get_AP_Reviewers":{"runAfter":{},"metadata":{"flowSystemMetadata":{"swaggerOperationId":"GetItems"}},"type":"ApiConnection","inputs":{"host":{"connection":{"name":"@parameters('$connections')['shared_sharepointonline_1']['connectionId']"},"api":{"runtimeUrl":"https://flow-apim-europe-001-francecentral-01.azure-apim.net/apim/sharepointonline"}},"method":"get","path":"/datasets/@{encodeURIComponent(encodeURIComponent('https://wwpcis.sharepoint.com/sites/BenefitJournalEntryPortal'))}/tables/@{encodeURIComponent(encodeURIComponent('96be0b74-196c-4310-ad9d-fe14c25d0063'))}/items","authentication":"@parameters('$authentication')"}},"Apply_to_each_AP_Reviewer":{"foreach":"@body('Get_AP_Reviewers')?['value']","actions":{"Get_AP_Reviewer_Email":{"runAfter":{},"type":"Compose","inputs":"@items('Apply_to_each_AP_Reviewer')?['ApproverName']?['Email']"}},"runAfter":{"Get_AP_Reviewers":["Succeeded"]},"type":"Foreach"},"Build_AP_Reviewer_Email_List":{"runAfter":{"Apply_to_each_AP_Reviewer":["Succeeded"]},"type":"Compose","inputs":"@join(outputs('Get_AP_Reviewer_Email'),';')"},"Send_an_email_(V2)":{"runAfter":{"Build_AP_Reviewer_Email_List":["Succeeded"]},"metadata":{"flowSystemMetadata":{"swaggerOperationId":"SendEmailV2"}},"type":"ApiConnection","inputs":{"host":{"connection":{"name":"@parameters('$connections')['shared_office365_1']['connectionId']"},"api":{"runtimeUrl":"https://flow-apim-europe-001-francecentral-01.azure-apim.net/apim/office365"}},"method":"post","body":{"To":"@{outputs('Build_AP_Reviewer_Email_List')};","Subject":"AP Review Needed for Journal Entry Requests","Body":"<p><a href=\"@{outputs('Define_ReviewURL')}&DefaultView=AP\">Click Here To Review Requests</a></p>"},"path":"/v2/Mail","authentication":"@parameters('$authentication')"}}},"runAfter":{"Set_NumPendingAPRequests":["Succeeded"]},"expression":{"greater":["@variables('NumPendingAPRequests')",0]},"type":"If"},"if_there_are_any_requests_pending_GL_Approval,_send_an_email":{"actions":{"Get_GL_Approvers":{"runAfter":{},"metadata":{"flowSystemMetadata":{"swaggerOperationId":"GetItems"}},"type":"ApiConnection","inputs":{"host":{"connection":{"name":"@parameters('$connections')['shared_sharepointonline_1']['connectionId']"},"api":{"runtimeUrl":"https://flow-apim-europe-001-francecentral-01.azure-apim.net/apim/sharepointonline"}},"method":"get","path":"/datasets/@{encodeURIComponent(encodeURIComponent('https://wwpcis.sharepoint.com/sites/BenefitJournalEntryPortal'))}/tables/@{encodeURIComponent(encodeURIComponent('e6c56422-ccea-4e36-b082-83fff6e61782'))}/items","authentication":"@parameters('$authentication')"}},"Apply_to_each_GL_Approver":{"foreach":"@body('Get_GL_Approvers')?['value']","actions":{"Get_GL_Approver_Email":{"runAfter":{},"type":"Compose","inputs":"@items('Apply_to_each_GL_Approver')?['ApproverName']?['Email']"}},"runAfter":{"Get_GL_Approvers":["Succeeded"]},"type":"Foreach"},"Build_GL_Approver_Email_List":{"runAfter":{"Apply_to_each_GL_Approver":["Succeeded"]},"type":"Compose","inputs":"@join(outputs('Get_GL_Approver_Email'),';')"},"Send_an_email_(V2)_2":{"runAfter":{"Build_GL_Approver_Email_List":["Succeeded"]},"metadata":{"flowSystemMetadata":{"swaggerOperationId":"SendEmailV2"}},"type":"ApiConnection","inputs":{"host":{"connection":{"name":"@parameters('$connections')['shared_office365_1']['connectionId']"},"api":{"runtimeUrl":"https://flow-apim-europe-001-francecentral-01.azure-apim.net/apim/office365"}},"method":"post","body":{"To":"@{outputs('Build_GL_Approver_Email_List')};","Subject":"GL Approval Needed for Journal Entry Requests","Body":"<p><a href=\"@{outputs('Define_ReviewURL')}&DefaultView=GL\" >Click Here to Review Requests</a></p>"},"path":"/v2/Mail","authentication":"@parameters('$authentication')"}}},"runAfter":{"Set_NumPendingGLRequests":["Succeeded"]},"expression":{"greater":["@variables('NumPendingGLRequests')",0]},"type":"If"},"Check_Number_of_Requests_Pending_Mgt_Approval":{"runAfter":{"Get_Requests_Awaiting_Management_Approval":["Succeeded"]},"type":"Compose","inputs":"@length(body('Get_Requests_Awaiting_Management_Approval')?['value'])"},"Set_NumPendingMgtRequests":{"runAfter":{"Check_Number_of_Requests_Pending_Mgt_Approval":["Succeeded"]},"type":"InitializeVariable","inputs":{"variables":[{"name":"NumPendingMgtRequests","type":"Integer","value":"@outputs('Check_Number_of_Requests_Pending_Mgt_Approval')"}]}},"Send_out_Emails_to_all_Managers_with_Pending_Approvals":{"actions":{"Build_Email_List_with_All_Managers_with_Pending_Approvals":{"foreach":"@body('Get_Requests_Awaiting_Management_Approval')?['value']","actions":{"Get_The_Manager_Name":{"runAfter":{},"type":"Compose","inputs":"@items('Build_Email_List_with_All_Managers_with_Pending_Approvals')?['ManagerialApprover']?['Value']"},"Lookup_Manager_":{"runAfter":{"Get_The_Manager_Name":["Succeeded"]},"metadata":{"flowSystemMetadata":{"swaggerOperationId":"GetItems"}},"type":"ApiConnection","inputs":{"host":{"connection":{"name":"@parameters('$connections')['shared_sharepointonline_1']['connectionId']"},"api":{"runtimeUrl":"https://flow-apim-europe-001-francecentral-01.azure-apim.net/apim/sharepointonline"}},"method":"get","path":"/datasets/@{encodeURIComponent(encodeURIComponent('https://wwpcis.sharepoint.com/sites/BenefitJournalEntryPortal'))}/tables/@{encodeURIComponent(encodeURIComponent('fee80a50-5817-4a7a-9a9b-4efc5821fd1f'))}/items","queries":{"$filter":"Title eq '@{outputs('Get_The_Manager_Name')}'","$top":1},"authentication":"@parameters('$authentication')"}},"For_Each_Manager_Found_(Should_Be_1)":{"foreach":"@body('Lookup_Manager_')?['value']","actions":{"Get_the_Email":{"runAfter":{},"type":"Compose","inputs":"@items('For_Each_Manager_Found_(Should_Be_1)')?['Manager']?['Email']"},"Add_to_MgrEmailList":{"runAfter":{"Get_the_Email":["Succeeded"]},"type":"AppendToStringVariable","inputs":{"name":"MgrEmailList","value":"@{outputs('Get_the_Email')};"}}},"runAfter":{"Lookup_Manager_":["Succeeded"]},"type":"Foreach"}},"runAfter":{},"type":"Foreach"},"Send_an_Email_to_the_Managers_with_Pending_Approvals":{"runAfter":{"Build_Email_List_with_All_Managers_with_Pending_Approvals":["Succeeded"]},"metadata":{"flowSystemMetadata":{"swaggerOperationId":"SendEmailV2"}},"type":"ApiConnection","inputs":{"host":{"connection":{"name":"@parameters('$connections')['shared_office365_1']['connectionId']"},"api":{"runtimeUrl":"https://flow-apim-europe-001-francecentral-01.azure-apim.net/apim/office365"}},"method":"post","body":{"To":"@variables('MgrEmailList')","Subject":"Management Approval Needed for Journal Entry Requests","Body":"<p><a href=\"@{outputs('Define_ReviewURL')}&DefaultView=Mgt\">Click Here to Review Requests</a><br></p>"},"path":"/v2/Mail","authentication":"@parameters('$authentication')"}}},"runAfter":{"Initialize_MgrEmailList":["Succeeded"]},"expression":{"greater":["@variables('NumPendingMgtRequests')",0]},"type":"If"},"Initialize_MgrEmailList":{"runAfter":{"Set_NumPendingMgtRequests":["Succeeded"]},"type":"InitializeVariable","inputs":{"variables":[{"name":"MgrEmailList","type":"String"}]}}}},"connectionReferences":{"shared_sharepointonline_1":{"connectionName":"shared-sharepointonl-087df15d-13d3-431c-a2f7-a3aca50daea2","source":"Embedded","id":"/providers/Microsoft.PowerApps/apis/shared_sharepointonline","tier":"NotSpecified"},"shared_office365_1":{"connectionName":"shared-office365-9e64a765-f259-48e6-b8c1-23049c271fa5","source":"Embedded","id":"/providers/Microsoft.PowerApps/apis/shared_office365","tier":"NotSpecified"}},"flowFailureAlertSubscribed":false}}