{"name":"09477959-ab92-4b35-9694-58794d049392","id":"/providers/Microsoft.Flow/flows/09477959-ab92-4b35-9694-58794d049392","type":"Microsoft.Flow/flows","properties":{"apiId":"/providers/Microsoft.PowerApps/apis/shared_logicflows","displayName":"Portal - Posting Pending Notification","definition":{"metadata":{"workflowEntityId":null,"creator":{"id":"922bfded-ba2e-4a8e-92f4-a9be0263afff","type":"User","tenantId":"bddddbb1-db54-40d5-b230-0609bcef2068"},"provisioningMethod":"FromDefinition","failureAlertSubscription":true,"clientLastModifiedTime":"2019-12-12T21:19:24.5219581Z"},"$schema":"https://schema.management.azure.com/providers/Microsoft.Logic/schemas/2016-06-01/workflowdefinition.json#","contentVersion":"1.0.0.0","parameters":{"$connections":{"defaultValue":{},"type":"Object"},"$authentication":{"defaultValue":{},"type":"SecureObject"}},"triggers":{"Recurrence":{"recurrence":{"frequency":"Day","interval":1,"startTime":"2019-11-21T18:00:00.000Z","schedule":{"hours":["8"]}},"type":"Recurrence"}},"actions":{"Get_files_(properties_only)":{"runAfter":{},"metadata":{"flowSystemMetadata":{"swaggerOperationId":"GetFileItems"}},"type":"ApiConnection","inputs":{"host":{"connection":{"name":"@parameters('$connections')['shared_sharepointonline']['connectionId']"},"api":{"runtimeUrl":"https://flow-apim-europe-001-francecentral-01.azure-apim.net/apim/sharepointonline"}},"method":"get","path":"/datasets/@{encodeURIComponent(encodeURIComponent('https://wwpcis.sharepoint.com/sites/BenefitJournalEntryPortal'))}/tables/@{encodeURIComponent(encodeURIComponent('530af4a7-68d3-4676-a4b0-2caa62f3590b'))}/getfileitems","queries":{"$filter":"JournalNumber ne null and PostingDate eq null "},"authentication":"@parameters('$authentication')"}},"Initialize_variable":{"runAfter":{"Get_files_(properties_only)":["Succeeded"]},"type":"InitializeVariable","inputs":{"variables":[{"name":"NumberPending","type":"Integer","value":"@length(body('Get_files_(properties_only)')?['value'])"}]}},"Condition":{"actions":{"Send_an_email_notification_(V3)":{"runAfter":{"GL_Email_List":["Succeeded"]},"metadata":{"flowSystemMetadata":{"swaggerOperationId":"SendEmailV3"}},"type":"ApiConnection","inputs":{"host":{"connection":{"name":"@parameters('$connections')['shared_sendmail']['connectionId']"},"api":{"runtimeUrl":"https://flow-apim-europe-001-northeurope-01.azure-apim.net/apim/sendmail"}},"method":"post","body":{"to":"@{outputs('GL_Email_List')}","subject":"Accrual Worksheets Posting Pending","text":"<p><a href=\"https://wwpcis.sharepoint.com/sites/BenefitJournalEntryPortal/AccrualRequestWorksheets/\">View Pending Postings Here</a><br>\n</p>","ishtml":true},"path":"/v3/mail/send","authentication":"@parameters('$authentication')"}},"Get_GL_Approvers":{"runAfter":{},"metadata":{"flowSystemMetadata":{"swaggerOperationId":"GetItems"}},"type":"ApiConnection","inputs":{"host":{"connection":{"name":"@parameters('$connections')['shared_sharepointonline']['connectionId']"},"api":{"runtimeUrl":"https://flow-apim-europe-001-francecentral-01.azure-apim.net/apim/sharepointonline"}},"method":"get","path":"/datasets/@{encodeURIComponent(encodeURIComponent('https://wwpcis.sharepoint.com/sites/BenefitJournalEntryPortal'))}/tables/@{encodeURIComponent(encodeURIComponent('e6c56422-ccea-4e36-b082-83fff6e61782'))}/items","authentication":"@parameters('$authentication')"}},"Apply_to_each":{"foreach":"@body('Get_GL_Approvers')?['value']","actions":{"GL_Email":{"runAfter":{},"type":"Compose","inputs":"@items('Apply_to_each')?['ApproverName']?['Email']"}},"runAfter":{"Get_GL_Approvers":["Succeeded"]},"type":"Foreach"},"GL_Email_List":{"runAfter":{"Apply_to_each":["Succeeded"]},"type":"Compose","inputs":"@join(outputs('GL_Email'),';')"}},"runAfter":{"Initialize_variable":["Succeeded"]},"expression":{"greater":["@variables('NumberPending')",0]},"type":"If"}}},"connectionReferences":{"shared_sharepointonline":{"connectionName":"shared-sharepointonl-087df15d-13d3-431c-a2f7-a3aca50daea2","source":"Embedded","id":"/providers/Microsoft.PowerApps/apis/shared_sharepointonline","tier":"NotSpecified"},"shared_sendmail":{"connectionName":"shared-sendmail-05afdeea-1e36-402f-889a-c47b2d92dc36","source":"Embedded","id":"/providers/Microsoft.PowerApps/apis/shared_sendmail","tier":"NotSpecified"}},"flowFailureAlertSubscribed":false}}