{"name":"481acb9b-a044-40e5-8f2d-50ae25171062","id":"/providers/Microsoft.Flow/flows/481acb9b-a044-40e5-8f2d-50ae25171062","type":"Microsoft.Flow/flows","properties":{"apiId":"/providers/Microsoft.PowerApps/apis/shared_logicflows","displayName":"Portal - Journal Entry Worksheet Rejected","definition":{"metadata":{"workflowEntityId":null,"creator":{"id":"922bfded-ba2e-4a8e-92f4-a9be0263afff","type":"User","tenantId":"bddddbb1-db54-40d5-b230-0609bcef2068"},"provisioningMethod":"FromDefinition","failureAlertSubscription":true,"clientLastModifiedTime":"2019-12-12T22:30:40.5048087Z"},"$schema":"https://schema.management.azure.com/providers/Microsoft.Logic/schemas/2016-06-01/workflowdefinition.json#","contentVersion":"1.0.0.0","parameters":{"$connections":{"defaultValue":{},"type":"Object"},"$authentication":{"defaultValue":{},"type":"SecureObject"}},"triggers":{"When_a_Journal_Entry_Request_is_Rejected":{"recurrence":{"frequency":"Minute","interval":5},"splitOn":"@triggerBody()?['value']","metadata":{"flowSystemMetadata":{"swaggerOperationId":"GetOnUpdatedItems"}},"type":"ApiConnection","inputs":{"host":{"connection":{"name":"@parameters('$connections')['shared_sharepointonline_2']['connectionId']"},"api":{"runtimeUrl":"https://flow-apim-europe-001-francecentral-01.azure-apim.net/apim/sharepointonline"}},"method":"get","path":"/datasets/@{encodeURIComponent(encodeURIComponent('https://wwpcis.sharepoint.com/sites/BenefitJournalEntryPortal'))}/tables/@{encodeURIComponent(encodeURIComponent('b51ca340-c9da-4ef7-98ed-de5a66b565d9'))}/onupdateditems","authentication":"@parameters('$authentication')"},"conditions":[{"expression":"@startsWith(triggerBody()?['Status']?['Value'],'Rejected')"}]}},"actions":{"Send_an_email_(V2)":{"runAfter":{"Get_RequestID":["Succeeded"]},"metadata":{"flowSystemMetadata":{"swaggerOperationId":"SendEmailV2"}},"type":"ApiConnection","inputs":{"host":{"connection":{"name":"@parameters('$connections')['shared_office365_1']['connectionId']"},"api":{"runtimeUrl":"https://flow-apim-europe-001-francecentral-01.azure-apim.net/apim/office365"}},"method":"post","body":{"To":"@{triggerBody()?['Author']?['Email']};","Subject":"Journal Entry Request  @{triggerBody()?['Title']} Rejected","Body":"<p>Your Accrual Request  @{body('Get_Rejected_Request')?['Comments']} was Rejected </p><p>The request has been placed in Draft mode and can be reviewed by clicking <a href=\"@{outputs('Request_URL_Root')}@{outputs('Get_RequestID')}\">here</a></p>\n"},"path":"/v2/Mail","authentication":"@parameters('$authentication')"}},"Request_URL_Root":{"runAfter":{"Get_Rejected_Request":["Succeeded"]},"type":"Compose","inputs":"https://apps.powerapps.com/play/3e81826f-2f95-402a-a381-1d262e064e25?tenantId=bddddbb1-db54-40d5-b230-0609bcef2068&Action=EditRequestLineItems&RequestID="},"Get_RequestID":{"runAfter":{"Request_URL_Root":["Succeeded"]},"type":"Compose","inputs":"@body('Get_Rejected_Request')?['ID']"},"Set_Request_Status_To_Draft":{"runAfter":{"Log_in_History_List":["Succeeded"]},"metadata":{"flowSystemMetadata":{"swaggerOperationId":"PatchItem"}},"type":"ApiConnection","inputs":{"host":{"connection":{"name":"@parameters('$connections')['shared_sharepointonline_2']['connectionId']"},"api":{"runtimeUrl":"https://flow-apim-europe-001-francecentral-01.azure-apim.net/apim/sharepointonline"}},"method":"patch","body":{"Title":"@body('Get_Rejected_Request')['Title']","EntryDate":"@{body('Get_Rejected_Request')['EntryDate']}","State":{"Value":"Draft"},"Status":{"Value":"Draft"}},"path":"/datasets/@{encodeURIComponent(encodeURIComponent('https://wwpcis.sharepoint.com/sites/BenefitJournalEntryPortal'))}/tables/@{encodeURIComponent(encodeURIComponent('b51ca340-c9da-4ef7-98ed-de5a66b565d9'))}/items/@{encodeURIComponent(body('Get_Rejected_Request')?['ID'])}","authentication":"@parameters('$authentication')"}},"Log_in_History_List":{"runAfter":{"Send_an_email_(V2)":["Succeeded"]},"metadata":{"flowSystemMetadata":{"swaggerOperationId":"PostItem"}},"type":"ApiConnection","inputs":{"host":{"connection":{"name":"@parameters('$connections')['shared_sharepointonline_2']['connectionId']"},"api":{"runtimeUrl":"https://flow-apim-europe-001-francecentral-01.azure-apim.net/apim/sharepointonline"}},"method":"post","body":{"Title":"Returned Request to Draft","StartStatus":"@body('Get_Rejected_Request')?['Status']?['Value']","NewStatus":"Draft","ActionBy":"System","ActionDept":"System","RequestID":"@outputs('Get_RequestID')"},"path":"/datasets/@{encodeURIComponent(encodeURIComponent('https://wwpcis.sharepoint.com/sites/BenefitJournalEntryPortal'))}/tables/@{encodeURIComponent(encodeURIComponent('27c8ffee-5829-4ec9-b8aa-161c7de11b69'))}/items","authentication":"@parameters('$authentication')"}},"Get_Rejected_Request":{"runAfter":{},"metadata":{"flowSystemMetadata":{"swaggerOperationId":"GetItem"}},"type":"ApiConnection","inputs":{"host":{"connection":{"name":"@parameters('$connections')['shared_sharepointonline_2']['connectionId']"},"api":{"runtimeUrl":"https://flow-apim-europe-001-francecentral-01.azure-apim.net/apim/sharepointonline"}},"method":"get","path":"/datasets/@{encodeURIComponent(encodeURIComponent('https://wwpcis.sharepoint.com/sites/BenefitJournalEntryPortal'))}/tables/@{encodeURIComponent(encodeURIComponent('b51ca340-c9da-4ef7-98ed-de5a66b565d9'))}/items/@{encodeURIComponent(triggerBody()?['ID'])}","authentication":"@parameters('$authentication')"}}}},"connectionReferences":{"shared_office365_1":{"connectionName":"shared-office365-9e64a765-f259-48e6-b8c1-23049c271fa5","source":"Embedded","id":"/providers/Microsoft.PowerApps/apis/shared_office365","tier":"NotSpecified"},"shared_sharepointonline_2":{"connectionName":"shared-sharepointonl-087df15d-13d3-431c-a2f7-a3aca50daea2","source":"Embedded","id":"/providers/Microsoft.PowerApps/apis/shared_sharepointonline","tier":"NotSpecified"}},"flowFailureAlertSubscribed":false}}