{"name":"1e6f9251-0dd5-4d3c-9bca-31ba22d0e072","id":"/providers/Microsoft.Flow/flows/1e6f9251-0dd5-4d3c-9bca-31ba22d0e072","type":"Microsoft.Flow/flows","properties":{"apiId":"/providers/Microsoft.PowerApps/apis/shared_logicflows","displayName":"Portal - Journal Entry Worksheet Approved csv","definition":{"metadata":{"workflowEntityId":null,"creator":{"id":"922bfded-ba2e-4a8e-92f4-a9be0263afff","type":"User","tenantId":"bddddbb1-db54-40d5-b230-0609bcef2068"},"provisioningMethod":"FromDefinition","failureAlertSubscription":true,"clientLastModifiedTime":"2019-12-12T23:47:42.4475554Z"},"$schema":"https://schema.management.azure.com/providers/Microsoft.Logic/schemas/2016-06-01/workflowdefinition.json#","contentVersion":"1.0.0.0","parameters":{"$connections":{"defaultValue":{},"type":"Object"},"$authentication":{"defaultValue":{},"type":"SecureObject"}},"triggers":{"When_an_Accrual_Request_is_Approved":{"recurrence":{"frequency":"Minute","interval":5},"splitOn":"@triggerBody()?['value']","metadata":{"flowSystemMetadata":{"swaggerOperationId":"GetOnUpdatedItems"}},"type":"ApiConnection","inputs":{"host":{"connection":{"name":"@parameters('$connections')['shared_sharepointonline_2']['connectionId']"},"api":{"runtimeUrl":"https://flow-apim-europe-001-francecentral-01.azure-apim.net/apim/sharepointonline"}},"method":"get","path":"/datasets/@{encodeURIComponent(encodeURIComponent('https://wwpcis.sharepoint.com/sites/BenefitJournalEntryPortal'))}/tables/@{encodeURIComponent(encodeURIComponent('b51ca340-c9da-4ef7-98ed-de5a66b565d9'))}/onupdateditems","authentication":"@parameters('$authentication')"},"conditions":[{"expression":"@equals(triggerBody()?['Status']?['Value'],'Approved')"}]}},"actions":{"Get_Line_Items":{"runAfter":{"Company":["Succeeded"]},"metadata":{"flowSystemMetadata":{"swaggerOperationId":"GetItems"}},"type":"ApiConnection","inputs":{"host":{"connection":{"name":"@parameters('$connections')['shared_sharepointonline_2']['connectionId']"},"api":{"runtimeUrl":"https://flow-apim-europe-001-francecentral-01.azure-apim.net/apim/sharepointonline"}},"method":"get","path":"/datasets/@{encodeURIComponent(encodeURIComponent('https://wwpcis.sharepoint.com/sites/BenefitJournalEntryPortal'))}/tables/@{encodeURIComponent(encodeURIComponent('d66716c6-f0c1-4143-ad42-2492ee8d3d77'))}/items","queries":{"$filter":"RequestID eq '@{body('Get_Accrual_Request')?['ID']}'"},"authentication":"@parameters('$authentication')"}},"Get_Accrual_Request":{"runAfter":{"Set_RequestID":["Succeeded"]},"metadata":{"flowSystemMetadata":{"swaggerOperationId":"GetItem"}},"type":"ApiConnection","inputs":{"host":{"connection":{"name":"@parameters('$connections')['shared_sharepointonline_2']['connectionId']"},"api":{"runtimeUrl":"https://flow-apim-europe-001-francecentral-01.azure-apim.net/apim/sharepointonline"}},"method":"get","path":"/datasets/@{encodeURIComponent(encodeURIComponent('https://wwpcis.sharepoint.com/sites/BenefitJournalEntryPortal'))}/tables/@{encodeURIComponent(encodeURIComponent('b51ca340-c9da-4ef7-98ed-de5a66b565d9'))}/items/@{encodeURIComponent(outputs('Set_RequestID'))}","authentication":"@parameters('$authentication')"}},"Apply_to_each":{"foreach":"@body('Get_Line_Items')?['value']","actions":{"Add_Line_Item_To_Output":{"runAfter":{"Accrual_Line_Item":["Succeeded"]},"type":"AppendToStringVariable","inputs":{"name":"csvlineitems","value":"@outputs('Accrual_Line_Item')"}},"Accrual_Line_Item":{"runAfter":{"Offset_Account_Type_Code_Mapping":["Succeeded"]},"type":"Compose","inputs":"@{outputs('Company')},@{body('Get_Accrual_Request')?['JournalName']},@{body('Get_Accrual_Request')?['JournalDescription']},@{items('Apply_to_each')?['Date']},@{variables('account type code')},@{items('Apply_to_each')?['Account']},@{variables('offset account type code')},@{items('Apply_to_each')?['Offset_x0020_Account']},@{items('Apply_to_each')?['Title']},@{items('Apply_to_each')?['Debit']},@{items('Apply_to_each')?['Credit']},@{items('Apply_to_each')?['Currency']},@{outputs('Brand')},@{items('Apply_to_each')?['CostCenter']},@{items('Apply_to_each')?['Customer']},@{items('Apply_to_each')?['Category']},@{items('Apply_to_each')?['CommercialLine']},@{items('Apply_to_each')?['Project']},@{items('Apply_to_each')?['PLLine']},@{outputs('Posting_Profile')}@{uriComponentToString('%0D')}@{uriComponentToString('%0A')}"},"Account_Type_Code_Mapping":{"runAfter":{},"cases":{"Case":{"case":"Ledger","actions":{"Set_variable":{"runAfter":{},"type":"SetVariable","inputs":{"name":"account type code","value":"0"}}}},"Case_2":{"case":"Customer","actions":{"Set_Customer_Code":{"runAfter":{},"type":"SetVariable","inputs":{"name":"account type code","value":"1"}}}},"Case_3":{"case":"Vendor","actions":{"Set_Vendor_Code":{"runAfter":{},"type":"SetVariable","inputs":{"name":"account type code","value":"2"}}}},"Case_4":{"case":"Project","actions":{"Set_variable_5":{"runAfter":{},"type":"SetVariable","inputs":{"name":"account type code","value":"3"}}}},"Case_5":{"case":"Fixed Assets","actions":{"Set_variable_6":{"runAfter":{},"type":"SetVariable","inputs":{"name":"account type code","value":"5"}}}},"Case_6":{"case":"Bank","actions":{"Set_variable_9":{"runAfter":{},"type":"SetVariable","inputs":{"name":"account type code","value":"6"}}}}},"default":{"actions":{"Set_variable_2":{"runAfter":{},"type":"SetVariable","inputs":{"name":"account type code","value":"\"\""}}}},"expression":"@items('Apply_to_each')?['AccountType']","type":"Switch"},"Offset_Account_Type_Code_Mapping":{"runAfter":{"Account_Type_Code_Mapping":["Succeeded"]},"cases":{"Case":{"case":"Ledger","actions":{"Set_variable_3":{"runAfter":{},"type":"SetVariable","inputs":{"name":"offset account type code","value":"0"}}}},"Case_2":{"case":"Customer","actions":{"Set_Customer_Code_Offset":{"runAfter":{},"type":"SetVariable","inputs":{"name":"offset account type code","value":"1"}}}},"Case_3":{"case":"Vendor","actions":{"Set_Vendor_Code_Offset":{"runAfter":{},"type":"SetVariable","inputs":{"name":"offset account type code","value":"2"}}}},"Case_4":{"case":"Project","actions":{"Set_variable_7":{"runAfter":{},"type":"SetVariable","inputs":{"name":"offset account type code","value":"3"}}}},"Case_5":{"case":"Fixed Assets","actions":{"Set_variable_8":{"runAfter":{},"type":"SetVariable","inputs":{"name":"offset account type code","value":"5"}}}},"Case_6":{"case":"Bank","actions":{"Set_variable_10":{"runAfter":{},"type":"SetVariable","inputs":{"name":"offset account type code","value":"6"}}}}},"default":{"actions":{"Set_variable_4":{"runAfter":{},"type":"SetVariable","inputs":{"name":"offset account type code","value":"\"\""}}}},"expression":"@coalesce(body('Get_Line_Items')?['OffsetAccountType'],'')","type":"Switch"},"Check_for_Reversal_Line_Items":{"actions":{"Reversal_Line_Item":{"runAfter":{"Reversal_Transaction_Text":["Succeeded"]},"type":"Compose","inputs":"@{outputs('Company')},@{body('Get_Accrual_Request')?['JournalName']},@{body('Get_Accrual_Request')?['JournalDescription']},@{items('Apply_to_each')?['Date']},@{variables('account type code')},@{items('Apply_to_each')?['Account']},@{variables('offset account type code')},@{items('Apply_to_each')?['Offset_x0020_Account']},@{outputs('Reversal_Transaction_Text')},@{items('Apply_to_each')?['Credit']},@{items('Apply_to_each')?['Debit']},@{items('Apply_to_each')?['Currency']},@{outputs('Brand')},@{items('Apply_to_each')?['CostCenter']},@{items('Apply_to_each')?['Customer']},@{items('Apply_to_each')?['Category']},@{items('Apply_to_each')?['CommercialLine']},@{items('Apply_to_each')?['Project']},@{items('Apply_to_each')?['PLLine']},@{outputs('Posting_Profile')}@{uriComponentToString('%0D')}@{uriComponentToString('%0A')}"},"Add_Reversal_Line_Item_To_Output":{"runAfter":{"Reversal_Line_Item":["Succeeded"]},"type":"AppendToStringVariable","inputs":{"name":"csvlineitems","value":"@outputs('Reversal_Line_Item')"}},"Reversal_Transaction_Text":{"runAfter":{},"type":"Compose","inputs":"REV @{items('Apply_to_each')?['Title']}"}},"runAfter":{"Add_Line_Item_To_Output":["Succeeded"]},"expression":{"equals":["@items('Apply_to_each')?['Reversing']","Yes"]},"type":"If"}},"runAfter":{"initialize_offset_account_type_code":["Succeeded"]},"type":"Foreach"},"Create_CSV_File":{"runAfter":{"Apply_to_each":["Succeeded"]},"metadata":{"flowSystemMetadata":{"swaggerOperationId":"CreateFile"}},"type":"ApiConnection","inputs":{"host":{"connection":{"name":"@parameters('$connections')['shared_sharepointonline_2']['connectionId']"},"api":{"runtimeUrl":"https://flow-apim-europe-001-francecentral-01.azure-apim.net/apim/sharepointonline"}},"method":"post","body":"@variables('csvlineitems')","path":"/datasets/@{encodeURIComponent(encodeURIComponent('https://wwpcis.sharepoint.com/sites/BenefitJournalEntryPortal'))}/files","queries":{"folderPath":"/AccrualRequestCSVs","name":"@{body('Get_Accrual_Request')?['ID']}.csv","queryParametersSingleEncoded":true},"authentication":"@parameters('$authentication')"}},"Initialize_csvlineitems_with_header":{"runAfter":{"Get_Line_Items":["Succeeded"]},"type":"InitializeVariable","inputs":{"variables":[{"name":"csvlineitems","type":"String","value":"Company,Journal name,Journal description,Date,Account type,Account,Offset Account type, Offset Account,Transaction text,Debit,Credit,Currency,Brand,Cost center,Customer,Category,Commercial line,Project,P&L,Posting profile,Document,DocumentDate @{uriComponentToString('%0D')}@{uriComponentToString('%0A')}"}]}},"initialize_account_type_code":{"runAfter":{"Initialize_csvlineitems_with_header":["Succeeded"]},"type":"InitializeVariable","inputs":{"variables":[{"name":"account type code","type":"String","value":"x"}]}},"initialize_offset_account_type_code":{"runAfter":{"initialize_account_type_code":["Succeeded"]},"type":"InitializeVariable","inputs":{"variables":[{"name":"offset account type code","type":"String","value":"x"}]}},"Posting_Profile":{"runAfter":{"Brand":["Succeeded"]},"type":"Compose","inputs":"GEN"},"Set_RequestID":{"runAfter":{},"type":"Compose","inputs":"@triggerBody()?['ID']"},"Update_file_properties":{"runAfter":{"Create_CSV_File":["Succeeded"]},"metadata":{"flowSystemMetadata":{"swaggerOperationId":"PatchFileItem"}},"type":"ApiConnection","inputs":{"host":{"connection":{"name":"@parameters('$connections')['shared_sharepointonline_2']['connectionId']"},"api":{"runtimeUrl":"https://flow-apim-europe-001-francecentral-01.azure-apim.net/apim/sharepointonline"}},"method":"patch","body":{"Title":"@{outputs('Set_RequestID')}","RequestedBy":{"Claims":"@body('Get_Accrual_Request')?['Author']?['Claims']"},"RequestID":"@outputs('Set_RequestID')"},"path":"/datasets/@{encodeURIComponent(encodeURIComponent('https://wwpcis.sharepoint.com/sites/BenefitJournalEntryPortal'))}/tables/@{encodeURIComponent(encodeURIComponent('92975617-aab9-4580-b8df-7e50d15a1da9'))}/items/@{encodeURIComponent(body('Create_CSV_File')?['ItemId'])}/patchfileitem","authentication":"@parameters('$authentication')"}},"Brand":{"runAfter":{"Get_Accrual_Request":["Succeeded"]},"type":"Compose","inputs":"PG4HE"},"Company":{"runAfter":{"Posting_Profile":["Succeeded"]},"type":"Compose","inputs":"BCUS"},"Send_an_email_(V2)":{"runAfter":{"Update_file_properties":["Succeeded"]},"metadata":{"flowSystemMetadata":{"swaggerOperationId":"SendEmailV2"}},"type":"ApiConnection","inputs":{"host":{"connection":{"name":"@parameters('$connections')['shared_office365_1']['connectionId']"},"api":{"runtimeUrl":"https://flow-apim-europe-001-francecentral-01.azure-apim.net/apim/office365"}},"method":"post","body":{"To":"@body('Get_Accrual_Request')?['Author']?['Email']","Subject":"Journal Request Entry @{body('Get_Accrual_Request')['Title']} Approved ","Body":"<p><a href=\"@{body('Update_file_properties')?['{Link}']}\">Click Here for CSV</a><br></p>"},"path":"/v2/Mail","authentication":"@parameters('$authentication')"}}}},"connectionReferences":{"shared_sharepointonline_2":{"connectionName":"shared-sharepointonl-087df15d-13d3-431c-a2f7-a3aca50daea2","source":"Embedded","id":"/providers/Microsoft.PowerApps/apis/shared_sharepointonline","tier":"NotSpecified"},"shared_office365_1":{"connectionName":"shared-office365-9e64a765-f259-48e6-b8c1-23049c271fa5","source":"Embedded","id":"/providers/Microsoft.PowerApps/apis/shared_office365","tier":"NotSpecified"}},"flowFailureAlertSubscribed":false}}