{"name":"5a21bc0e-3268-4cc4-8304-fffae4200e60","id":"/providers/Microsoft.Flow/flows/5a21bc0e-3268-4cc4-8304-fffae4200e60","type":"Microsoft.Flow/flows","properties":{"apiId":"/providers/Microsoft.PowerApps/apis/shared_logicflows","displayName":"Portal - Journal Entry Worksheet Approved","definition":{"metadata":{"workflowEntityId":null,"creator":{"id":"922bfded-ba2e-4a8e-92f4-a9be0263afff","type":"User","tenantId":"bddddbb1-db54-40d5-b230-0609bcef2068"},"provisioningMethod":"FromDefinition","failureAlertSubscription":true,"clientLastModifiedTime":"2019-12-12T23:42:12.5648977Z"},"$schema":"https://schema.management.azure.com/providers/Microsoft.Logic/schemas/2016-06-01/workflowdefinition.json#","contentVersion":"1.0.0.0","parameters":{"$connections":{"defaultValue":{},"type":"Object"},"$authentication":{"defaultValue":{},"type":"SecureObject"}},"triggers":{"When_a_Journal_Entry_Request_is_Approved":{"recurrence":{"frequency":"Minute","interval":5},"splitOn":"@triggerBody()?['value']","metadata":{"flowSystemMetadata":{"swaggerOperationId":"GetOnUpdatedItems"}},"type":"ApiConnection","inputs":{"host":{"connection":{"name":"@parameters('$connections')['shared_sharepointonline_2']['connectionId']"},"api":{"runtimeUrl":"https://flow-apim-europe-001-francecentral-01.azure-apim.net/apim/sharepointonline"}},"method":"get","path":"/datasets/@{encodeURIComponent(encodeURIComponent('https://wwpcis.sharepoint.com/sites/BenefitJournalEntryPortal'))}/tables/@{encodeURIComponent(encodeURIComponent('b51ca340-c9da-4ef7-98ed-de5a66b565d9'))}/onupdateditems","authentication":"@parameters('$authentication')"},"conditions":[{"expression":"@equals(triggerBody()?['Status']?['Value'],'Approved')"}]}},"actions":{"Count_Number_of_Supporting_Documents":{"runAfter":{"Get_Supporting_Documents":["Succeeded"]},"type":"Compose","inputs":"@length(body('Get_Supporting_Documents')?['value'])"},"Check_that_at_least_one_document_is_found":{"actions":{},"runAfter":{"Count_Number_of_Supporting_Documents":["Succeeded"]},"else":{"actions":{"Terminate_approval_for_request_with_no_line_items":{"runAfter":{},"type":"Terminate","inputs":{"runStatus":"Cancelled"}}}},"expression":{"greater":["@outputs('Count_Number_of_Supporting_Documents')",0]},"type":"If"},"Get_Supporting_Documents":{"runAfter":{},"metadata":{"flowSystemMetadata":{"swaggerOperationId":"GetFileItems"}},"type":"ApiConnection","inputs":{"host":{"connection":{"name":"@parameters('$connections')['shared_sharepointonline_2']['connectionId']"},"api":{"runtimeUrl":"https://flow-apim-europe-001-francecentral-01.azure-apim.net/apim/sharepointonline"}},"method":"get","path":"/datasets/@{encodeURIComponent(encodeURIComponent('https://wwpcis.sharepoint.com/sites/BenefitJournalEntryPortal'))}/tables/@{encodeURIComponent(encodeURIComponent('34651416-cc62-4d90-a6a6-0e9f30bd08cf'))}/getfileitems","queries":{"$filter":"RequestID eq '@{triggerBody()?['ID']}'"},"authentication":"@parameters('$authentication')"}},"Get_item":{"runAfter":{"Check_that_at_least_one_document_is_found":["Succeeded"]},"metadata":{"flowSystemMetadata":{"swaggerOperationId":"GetItem"}},"type":"ApiConnection","inputs":{"host":{"connection":{"name":"@parameters('$connections')['shared_sharepointonline_2']['connectionId']"},"api":{"runtimeUrl":"https://flow-apim-europe-001-francecentral-01.azure-apim.net/apim/sharepointonline"}},"method":"get","path":"/datasets/@{encodeURIComponent(encodeURIComponent('https://wwpcis.sharepoint.com/sites/BenefitJournalEntryPortal'))}/tables/@{encodeURIComponent(encodeURIComponent('b51ca340-c9da-4ef7-98ed-de5a66b565d9'))}/items/@{encodeURIComponent(triggerBody()?['ID'])}","authentication":"@parameters('$authentication')"}},"Get_attachments":{"runAfter":{"Get_item":["Succeeded"]},"metadata":{"flowSystemMetadata":{"swaggerOperationId":"GetItemAttachments"}},"type":"ApiConnection","inputs":{"host":{"connection":{"name":"@parameters('$connections')['shared_sharepointonline_2']['connectionId']"},"api":{"runtimeUrl":"https://flow-apim-europe-001-francecentral-01.azure-apim.net/apim/sharepointonline"}},"method":"get","path":"/datasets/@{encodeURIComponent(encodeURIComponent('https://wwpcis.sharepoint.com/sites/BenefitJournalEntryPortal'))}/tables/@{encodeURIComponent(encodeURIComponent('b51ca340-c9da-4ef7-98ed-de5a66b565d9'))}/items/@{encodeURIComponent(encodeURIComponent(triggerBody()?['ID']))}/attachments","authentication":"@parameters('$authentication')"}},"Apply_to_each":{"foreach":"@body('Get_attachments')","actions":{"Get_file_content":{"runAfter":{},"metadata":{"flowSystemMetadata":{"swaggerOperationId":"GetFileContent"}},"type":"ApiConnection","inputs":{"host":{"connection":{"name":"@parameters('$connections')['shared_sharepointonline_2']['connectionId']"},"api":{"runtimeUrl":"https://flow-apim-europe-001-francecentral-01.azure-apim.net/apim/sharepointonline"}},"method":"get","path":"/datasets/@{encodeURIComponent(encodeURIComponent('https://wwpcis.sharepoint.com/sites/BenefitJournalEntryPortal'))}/files/@{encodeURIComponent(items('Apply_to_each')?['Id'])}/content","queries":{"inferContentType":true},"authentication":"@parameters('$authentication')"}},"Create_file":{"runAfter":{"Get_file_content":["Succeeded"]},"metadata":{"flowSystemMetadata":{"swaggerOperationId":"CreateFile"}},"type":"ApiConnection","inputs":{"host":{"connection":{"name":"@parameters('$connections')['shared_sharepointonline_2']['connectionId']"},"api":{"runtimeUrl":"https://flow-apim-europe-001-francecentral-01.azure-apim.net/apim/sharepointonline"}},"method":"post","body":"@body('Get_file_content')","path":"/datasets/@{encodeURIComponent(encodeURIComponent('https://wwpcis.sharepoint.com/sites/BenefitJournalEntryPortal'))}/files","queries":{"folderPath":"/AccrualRequestWorksheets","name":"@{triggerBody()?['ID']}-@{items('Apply_to_each')?['DisplayName']}","queryParametersSingleEncoded":true},"authentication":"@parameters('$authentication')"}},"Update_file_properties":{"runAfter":{"Create_file":["Succeeded"]},"metadata":{"flowSystemMetadata":{"swaggerOperationId":"PatchFileItem"}},"type":"ApiConnection","inputs":{"host":{"connection":{"name":"@parameters('$connections')['shared_sharepointonline_2']['connectionId']"},"api":{"runtimeUrl":"https://flow-apim-europe-001-francecentral-01.azure-apim.net/apim/sharepointonline"}},"method":"patch","body":{"RequestedBy":{"Claims":"@body('Get_item')?['Author']?['Claims']"},"RequestID":"@body('Get_item')?['ID']"},"path":"/datasets/@{encodeURIComponent(encodeURIComponent('https://wwpcis.sharepoint.com/sites/BenefitJournalEntryPortal'))}/tables/@{encodeURIComponent(encodeURIComponent('530af4a7-68d3-4676-a4b0-2caa62f3590b'))}/items/@{encodeURIComponent(body('Create_file')?['ItemId'])}/patchfileitem","authentication":"@parameters('$authentication')"}},"Send_an_email_(V2)":{"runAfter":{"Update_file_properties":["Succeeded"]},"metadata":{"flowSystemMetadata":{"swaggerOperationId":"SendEmailV2"}},"type":"ApiConnection","inputs":{"host":{"connection":{"name":"@parameters('$connections')['shared_office365_1']['connectionId']"},"api":{"runtimeUrl":"https://flow-apim-europe-001-francecentral-01.azure-apim.net/apim/office365"}},"method":"post","body":{"To":"@{body('Get_item')?['Author']?['Email']};","Subject":"Journal Request Entry Approved @{body('Get_item')['Title']}","Body":"<p><a href=\"@{body('Update_file_properties')?['{Link}']}\">Click Here for Workbook</a><br></p>"},"path":"/v2/Mail","authentication":"@parameters('$authentication')"}}},"runAfter":{"Get_attachments":["Succeeded"]},"type":"Foreach"}}},"connectionReferences":{"shared_sharepointonline_2":{"connectionName":"shared-sharepointonl-087df15d-13d3-431c-a2f7-a3aca50daea2","source":"Embedded","id":"/providers/Microsoft.PowerApps/apis/shared_sharepointonline","tier":"NotSpecified"},"shared_office365_1":{"connectionName":"shared-office365-9e64a765-f259-48e6-b8c1-23049c271fa5","source":"Embedded","id":"/providers/Microsoft.PowerApps/apis/shared_office365","tier":"NotSpecified"}},"flowFailureAlertSubscribed":false}}